Pokedex,Name,Gen,hp,attack,defense,sp_attack,sp_defense,speed
1,Bulbasaur,1,45.0,49.0,49.0,65.0,65.0,45.0
2,Ivysaur,1,60.0,62.0,63.0,80.0,80.0,60.0
3,Venusaur,1,80.0,100.0,123.0,122.0,120.0,80.0
4,Charmander,1,39.0,52.0,43.0,60.0,50.0,65.0
5,Charmeleon,1,58.0,64.0,58.0,80.0,65.0,80.0
6,Charizard,1,78.0,104.0,78.0,159.0,115.0,100.0
7,Squirtle,1,44.0,48.0,65.0,50.0,64.0,43.0
8,Wartortle,1,59.0,63.0,80.0,65.0,80.0,58.0
9,Blastoise,1,79.0,103.0,120.0,135.0,115.0,78.0
10,Caterpie,1,45.0,30.0,35.0,20.0,20.0,45.0
11,Metapod,1,50.0,20.0,55.0,25.0,25.0,30.0
12,Butterfree,1,60.0,45.0,50.0,90.0,80.0,70.0
13,Weedle,1,40.0,35.0,30.0,20.0,20.0,50.0
14,Kakuna,1,45.0,25.0,50.0,25.0,25.0,35.0
15,Beedrill,1,65.0,150.0,40.0,15.0,80.0,145.0
16,Pidgey,1,40.0,45.0,40.0,35.0,35.0,56.0
17,Pidgeotto,1,63.0,60.0,55.0,50.0,50.0,71.0
18,Pidgeot,1,83.0,80.0,80.0,135.0,80.0,121.0
19,Rattata,1,30.0,56.0,35.0,25.0,35.0,72.0
20,Raticate,1,75.0,71.0,70.0,40.0,80.0,77.0
21,Spearow,1,40.0,60.0,30.0,31.0,31.0,70.0
22,Fearow,1,65.0,90.0,65.0,61.0,61.0,100.0
23,Ekans,1,35.0,60.0,44.0,40.0,54.0,55.0
24,Arbok,1,60.0,95.0,69.0,65.0,79.0,80.0
25,Pikachu,1,35.0,55.0,40.0,50.0,50.0,90.0
26,Raichu,1,60.0,85.0,50.0,95.0,85.0,110.0
27,Sandshrew,1,50.0,75.0,90.0,10.0,35.0,40.0
28,Sandslash,1,75.0,100.0,120.0,25.0,65.0,65.0
29,Nidoran-F,1,55.0,47.0,52.0,40.0,40.0,41.0
30,Nidorina,1,70.0,62.0,67.0,55.0,55.0,56.0
31,Nidoqueen,1,90.0,92.0,87.0,75.0,85.0,76.0
32,Nidoran-M,1,46.0,57.0,40.0,40.0,40.0,50.0
33,Nidorino,1,61.0,72.0,57.0,55.0,55.0,65.0
34,Nidoking,1,81.0,102.0,77.0,85.0,75.0,85.0
35,Clefairy,1,70.0,45.0,48.0,60.0,65.0,35.0
36,Clefable,1,95.0,70.0,73.0,95.0,90.0,60.0
37,Vulpix,1,38.0,41.0,40.0,50.0,65.0,65.0
38,Ninetales,1,73.0,67.0,75.0,81.0,100.0,109.0
39,Jigglypuff,1,115.0,45.0,20.0,45.0,25.0,20.0
40,Wigglytuff,1,140.0,70.0,45.0,85.0,50.0,45.0
41,Zubat,1,40.0,45.0,35.0,30.0,40.0,55.0
42,Golbat,1,75.0,80.0,70.0,65.0,75.0,90.0
43,Oddish,1,45.0,50.0,55.0,75.0,65.0,30.0
44,Gloom,1,60.0,65.0,70.0,85.0,75.0,40.0
45,Vileplume,1,75.0,80.0,85.0,110.0,90.0,50.0
46,Paras,1,35.0,70.0,55.0,45.0,55.0,25.0
47,Parasect,1,60.0,95.0,80.0,60.0,80.0,30.0
48,Venonat,1,60.0,55.0,50.0,40.0,55.0,45.0
49,Venomoth,1,70.0,65.0,60.0,90.0,75.0,90.0
50,Diglett,1,10.0,55.0,30.0,35.0,45.0,90.0
51,Dugtrio,1,35.0,100.0,60.0,50.0,70.0,110.0
52,Meowth,1,40.0,35.0,35.0,50.0,40.0,90.0
53,Persian,1,65.0,60.0,60.0,75.0,65.0,115.0
54,Psyduck,1,50.0,52.0,48.0,65.0,50.0,55.0
55,Golduck,1,80.0,82.0,78.0,95.0,80.0,85.0
56,Mankey,1,40.0,80.0,35.0,35.0,45.0,70.0
57,Primeape,1,65.0,105.0,60.0,60.0,70.0,95.0
58,Growlithe,1,55.0,70.0,45.0,70.0,50.0,60.0
59,Arcanine,1,90.0,110.0,80.0,100.0,80.0,95.0
60,Poliwag,1,40.0,50.0,40.0,40.0,40.0,90.0
61,Poliwhirl,1,65.0,65.0,65.0,50.0,50.0,90.0
62,Poliwrath,1,90.0,95.0,95.0,70.0,90.0,70.0
63,Abra,1,25.0,20.0,15.0,105.0,55.0,90.0
64,Kadabra,1,40.0,35.0,30.0,120.0,70.0,105.0
65,Alakazam,1,55.0,50.0,65.0,175.0,105.0,150.0
66,Machop,1,70.0,80.0,50.0,35.0,35.0,35.0
67,Machoke,1,80.0,100.0,70.0,50.0,60.0,45.0
68,Machamp,1,90.0,130.0,80.0,65.0,85.0,55.0
69,Bellsprout,1,50.0,75.0,35.0,70.0,30.0,40.0
70,Weepinbell,1,65.0,90.0,50.0,85.0,45.0,55.0
71,Victreebel,1,80.0,105.0,65.0,100.0,70.0,70.0
72,Tentacool,1,40.0,40.0,35.0,50.0,100.0,70.0
73,Tentacruel,1,80.0,70.0,65.0,80.0,120.0,100.0
74,Geodude,1,40.0,80.0,100.0,30.0,30.0,20.0
75,Graveler,1,55.0,95.0,115.0,45.0,45.0,35.0
76,Golem,1,80.0,120.0,130.0,55.0,65.0,45.0
77,Ponyta,1,50.0,85.0,55.0,65.0,65.0,90.0
78,Rapidash,1,65.0,100.0,70.0,80.0,80.0,105.0
79,Slowpoke,1,90.0,65.0,65.0,40.0,40.0,15.0
80,Slowbro,1,95.0,75.0,180.0,130.0,80.0,30.0
81,Magnemite,1,25.0,35.0,70.0,95.0,55.0,45.0
82,Magneton,1,50.0,60.0,95.0,120.0,70.0,70.0
83,Farfetchd,1,52.0,90.0,55.0,58.0,62.0,60.0
84,Doduo,1,35.0,85.0,45.0,35.0,35.0,75.0
85,Dodrio,1,60.0,110.0,70.0,60.0,60.0,110.0
86,Seel,1,65.0,45.0,55.0,45.0,70.0,45.0
87,Dewgong,1,90.0,70.0,80.0,70.0,95.0,70.0
88,Grimer,1,80.0,80.0,50.0,40.0,50.0,25.0
89,Muk,1,105.0,105.0,75.0,65.0,100.0,50.0
90,Shellder,1,30.0,65.0,100.0,45.0,25.0,40.0
91,Cloyster,1,50.0,95.0,180.0,85.0,45.0,70.0
92,Gastly,1,30.0,35.0,30.0,100.0,35.0,80.0
93,Haunter,1,45.0,50.0,45.0,115.0,55.0,95.0
94,Gengar,1,60.0,65.0,80.0,170.0,95.0,130.0
95,Onix,1,35.0,45.0,160.0,30.0,45.0,70.0
96,Drowzee,1,60.0,48.0,45.0,43.0,90.0,42.0
97,Hypno,1,85.0,73.0,70.0,73.0,115.0,67.0
98,Krabby,1,30.0,105.0,90.0,25.0,25.0,50.0
99,Kingler,1,55.0,130.0,115.0,50.0,50.0,75.0
100,Voltorb,1,40.0,30.0,50.0,55.0,55.0,100.0
101,Electrode,1,60.0,50.0,70.0,80.0,80.0,150.0
102,Exeggcute,1,60.0,40.0,80.0,60.0,45.0,40.0
103,Exeggutor,1,95.0,105.0,85.0,125.0,75.0,45.0
104,Cubone,1,50.0,50.0,95.0,40.0,50.0,35.0
105,Marowak,1,60.0,80.0,110.0,50.0,80.0,45.0
106,Hitmonlee,1,50.0,120.0,53.0,35.0,110.0,87.0
107,Hitmonchan,1,50.0,105.0,79.0,35.0,110.0,76.0
108,Lickitung,1,90.0,55.0,75.0,60.0,75.0,30.0
109,Koffing,1,40.0,65.0,95.0,60.0,45.0,35.0
110,Weezing,1,65.0,90.0,120.0,85.0,70.0,60.0
111,Rhyhorn,1,80.0,85.0,95.0,30.0,30.0,25.0
112,Rhydon,1,105.0,130.0,120.0,45.0,45.0,40.0
113,Chansey,1,250.0,5.0,5.0,35.0,105.0,50.0
114,Tangela,1,65.0,55.0,115.0,100.0,40.0,60.0
115,Kangaskhan,1,105.0,125.0,100.0,60.0,100.0,100.0
116,Horsea,1,30.0,40.0,70.0,70.0,25.0,60.0
117,Seadra,1,55.0,65.0,95.0,95.0,45.0,85.0
118,Goldeen,1,45.0,67.0,60.0,35.0,50.0,63.0
119,Seaking,1,80.0,92.0,65.0,65.0,80.0,68.0
120,Staryu,1,30.0,45.0,55.0,70.0,55.0,85.0
121,Starmie,1,60.0,75.0,85.0,100.0,85.0,115.0
122,Mr-Mime,1,40.0,45.0,65.0,100.0,120.0,90.0
123,Scyther,1,70.0,110.0,80.0,55.0,80.0,105.0
124,Jynx,1,65.0,50.0,35.0,115.0,95.0,95.0
125,Electabuzz,1,65.0,83.0,57.0,95.0,85.0,105.0
126,Magmar,1,65.0,95.0,57.0,100.0,85.0,93.0
127,Pinsir,1,65.0,155.0,120.0,65.0,90.0,105.0
128,Tauros,1,75.0,100.0,95.0,40.0,70.0,110.0
129,Magikarp,1,20.0,10.0,55.0,15.0,20.0,80.0
130,Gyarados,1,95.0,155.0,109.0,70.0,130.0,81.0
131,Lapras,1,130.0,85.0,80.0,85.0,95.0,60.0
132,Ditto,1,48.0,48.0,48.0,48.0,48.0,48.0
133,Eevee,1,55.0,55.0,50.0,45.0,65.0,55.0
134,Vaporeon,1,130.0,65.0,60.0,110.0,95.0,65.0
135,Jolteon,1,65.0,65.0,60.0,110.0,95.0,130.0
136,Flareon,1,65.0,130.0,60.0,95.0,110.0,65.0
137,Porygon,1,65.0,60.0,70.0,85.0,75.0,40.0
138,Omanyte,1,35.0,40.0,100.0,90.0,55.0,35.0
139,Omastar,1,70.0,60.0,125.0,115.0,70.0,55.0
140,Kabuto,1,30.0,80.0,90.0,55.0,45.0,55.0
141,Kabutops,1,60.0,115.0,105.0,65.0,70.0,80.0
142,Aerodactyl,1,80.0,135.0,85.0,70.0,95.0,150.0
143,Snorlax,1,160.0,110.0,65.0,65.0,110.0,30.0
144,Articuno,1,90.0,85.0,100.0,95.0,125.0,85.0
145,Zapdos,1,90.0,90.0,85.0,125.0,90.0,100.0
146,Moltres,1,90.0,100.0,90.0,125.0,85.0,90.0
147,Dratini,1,41.0,64.0,45.0,50.0,50.0,50.0
148,Dragonair,1,61.0,84.0,65.0,70.0,70.0,70.0
149,Dragonite,1,91.0,134.0,95.0,100.0,100.0,80.0
150,Mewtwo,1,106.0,150.0,70.0,194.0,120.0,140.0
151,Mew,1,100.0,100.0,100.0,100.0,100.0,100.0
152,Chikorita,2,45.0,49.0,65.0,49.0,65.0,45.0
153,Bayleef,2,60.0,62.0,80.0,63.0,80.0,60.0
154,Meganium,2,80.0,82.0,100.0,83.0,100.0,80.0
155,Cyndaquil,2,39.0,52.0,43.0,60.0,50.0,65.0
156,Quilava,2,58.0,64.0,58.0,80.0,65.0,80.0
157,Typhlosion,2,78.0,84.0,78.0,109.0,85.0,100.0
158,Totodile,2,50.0,65.0,64.0,44.0,48.0,43.0
159,Croconaw,2,65.0,80.0,80.0,59.0,63.0,58.0
160,Feraligatr,2,85.0,105.0,100.0,79.0,83.0,78.0
161,Sentret,2,35.0,46.0,34.0,35.0,45.0,20.0
162,Furret,2,85.0,76.0,64.0,45.0,55.0,90.0
163,Hoothoot,2,60.0,30.0,30.0,36.0,56.0,50.0
164,Noctowl,2,100.0,50.0,50.0,86.0,96.0,70.0
165,Ledyba,2,40.0,20.0,30.0,40.0,80.0,55.0
166,Ledian,2,55.0,35.0,50.0,55.0,110.0,85.0
167,Spinarak,2,40.0,60.0,40.0,40.0,40.0,30.0
168,Ariados,2,70.0,90.0,70.0,60.0,70.0,40.0
169,Crobat,2,85.0,90.0,80.0,70.0,80.0,130.0
170,Chinchou,2,75.0,38.0,38.0,56.0,56.0,67.0
171,Lanturn,2,125.0,58.0,58.0,76.0,76.0,67.0
172,Pichu,2,20.0,40.0,15.0,35.0,35.0,60.0
173,Cleffa,2,50.0,25.0,28.0,45.0,55.0,15.0
174,Igglybuff,2,90.0,30.0,15.0,40.0,20.0,15.0
175,Togepi,2,35.0,20.0,65.0,40.0,65.0,20.0
176,Togetic,2,55.0,40.0,85.0,80.0,105.0,40.0
177,Natu,2,40.0,50.0,45.0,70.0,45.0,70.0
178,Xatu,2,65.0,75.0,70.0,95.0,70.0,95.0
179,Mareep,2,55.0,40.0,40.0,65.0,45.0,35.0
180,Flaaffy,2,70.0,55.0,55.0,80.0,60.0,45.0
181,Ampharos,2,90.0,95.0,105.0,165.0,110.0,45.0
182,Bellossom,2,75.0,80.0,95.0,90.0,100.0,50.0
183,Marill,2,70.0,20.0,50.0,20.0,50.0,40.0
184,Azumarill,2,100.0,50.0,80.0,60.0,80.0,50.0
185,Sudowoodo,2,70.0,100.0,115.0,30.0,65.0,30.0
186,Politoed,2,90.0,75.0,75.0,90.0,100.0,70.0
187,Hoppip,2,35.0,35.0,40.0,35.0,55.0,50.0
188,Skiploom,2,55.0,45.0,50.0,45.0,65.0,80.0
189,Jumpluff,2,75.0,55.0,70.0,55.0,95.0,110.0
190,Aipom,2,55.0,70.0,55.0,40.0,55.0,85.0
191,Sunkern,2,30.0,30.0,30.0,30.0,30.0,30.0
192,Sunflora,2,75.0,75.0,55.0,105.0,85.0,30.0
193,Yanma,2,65.0,65.0,45.0,75.0,45.0,95.0
194,Wooper,2,55.0,45.0,45.0,25.0,25.0,15.0
195,Quagsire,2,95.0,85.0,85.0,65.0,65.0,35.0
196,Espeon,2,65.0,65.0,60.0,130.0,95.0,110.0
197,Umbreon,2,95.0,65.0,110.0,60.0,130.0,65.0
198,Murkrow,2,60.0,85.0,42.0,85.0,42.0,91.0
199,Slowking,2,95.0,75.0,80.0,100.0,110.0,30.0
200,Misdreavus,2,60.0,60.0,60.0,85.0,85.0,85.0
201,Unown,2,48.0,72.0,48.0,72.0,48.0,48.0
202,Wobbuffet,2,190.0,33.0,58.0,33.0,58.0,33.0
203,Girafarig,2,70.0,80.0,65.0,90.0,65.0,85.0
204,Pineco,2,50.0,65.0,90.0,35.0,35.0,15.0
205,Forretress,2,75.0,90.0,140.0,60.0,60.0,40.0
206,Dunsparce,2,100.0,70.0,70.0,65.0,65.0,45.0
207,Gligar,2,65.0,75.0,105.0,35.0,65.0,85.0
208,Steelix,2,75.0,125.0,230.0,55.0,95.0,30.0
209,Snubbull,2,60.0,80.0,50.0,40.0,40.0,30.0
210,Granbull,2,90.0,120.0,75.0,60.0,60.0,45.0
211,Qwilfish,2,65.0,95.0,85.0,55.0,55.0,85.0
212,Scizor,2,70.0,150.0,140.0,65.0,100.0,75.0
213,Shuckle,2,20.0,10.0,230.0,10.0,230.0,5.0
214,Heracross,2,80.0,185.0,115.0,40.0,105.0,75.0
215,Sneasel,2,55.0,95.0,55.0,35.0,75.0,115.0
216,Teddiursa,2,60.0,80.0,50.0,50.0,50.0,40.0
217,Ursaring,2,90.0,130.0,75.0,75.0,75.0,55.0
218,Slugma,2,40.0,40.0,40.0,70.0,40.0,20.0
219,Magcargo,2,60.0,50.0,120.0,90.0,80.0,30.0
220,Swinub,2,50.0,50.0,40.0,30.0,30.0,50.0
221,Piloswine,2,100.0,100.0,80.0,60.0,60.0,50.0
222,Corsola,2,65.0,55.0,95.0,65.0,95.0,35.0
223,Remoraid,2,35.0,65.0,35.0,65.0,35.0,65.0
224,Octillery,2,75.0,105.0,75.0,105.0,75.0,45.0
225,Delibird,2,45.0,55.0,45.0,65.0,45.0,75.0
226,Mantine,2,85.0,40.0,70.0,80.0,140.0,70.0
227,Skarmory,2,65.0,80.0,140.0,40.0,70.0,70.0
228,Houndour,2,45.0,60.0,30.0,80.0,50.0,65.0
229,Houndoom,2,75.0,90.0,90.0,140.0,90.0,115.0
230,Kingdra,2,75.0,95.0,95.0,95.0,95.0,85.0
231,Phanpy,2,90.0,60.0,60.0,40.0,40.0,40.0
232,Donphan,2,90.0,120.0,120.0,60.0,60.0,50.0
233,Porygon2,2,85.0,80.0,90.0,105.0,95.0,60.0
234,Stantler,2,73.0,95.0,62.0,85.0,65.0,85.0
235,Smeargle,2,55.0,20.0,35.0,20.0,45.0,75.0
236,Tyrogue,2,35.0,35.0,35.0,35.0,35.0,35.0
237,Hitmontop,2,50.0,95.0,95.0,35.0,110.0,70.0
238,Smoochum,2,45.0,30.0,15.0,85.0,65.0,65.0
239,Elekid,2,45.0,63.0,37.0,65.0,55.0,95.0
240,Magby,2,45.0,75.0,37.0,70.0,55.0,83.0
241,Miltank,2,95.0,80.0,105.0,40.0,70.0,100.0
242,Blissey,2,255.0,10.0,10.0,75.0,135.0,55.0
243,Raikou,2,90.0,85.0,75.0,115.0,100.0,115.0
244,Entei,2,115.0,115.0,85.0,90.0,75.0,100.0
245,Suicune,2,100.0,75.0,115.0,90.0,115.0,85.0
246,Larvitar,2,50.0,64.0,50.0,45.0,50.0,41.0
247,Pupitar,2,70.0,84.0,70.0,65.0,70.0,51.0
248,Tyranitar,2,100.0,164.0,150.0,95.0,120.0,71.0
249,Lugia,2,106.0,90.0,130.0,90.0,154.0,110.0
250,Ho-Oh,2,106.0,130.0,90.0,110.0,154.0,90.0
251,Celebi,2,100.0,100.0,100.0,100.0,100.0,100.0
252,Treecko,3,40.0,45.0,35.0,65.0,55.0,70.0
253,Grovyle,3,50.0,65.0,45.0,85.0,65.0,95.0
254,Sceptile,3,70.0,110.0,75.0,145.0,85.0,145.0
255,Torchic,3,45.0,60.0,40.0,70.0,50.0,45.0
256,Combusken,3,60.0,85.0,60.0,85.0,60.0,55.0
257,Blaziken,3,80.0,160.0,80.0,130.0,80.0,100.0
258,Mudkip,3,50.0,70.0,50.0,50.0,50.0,40.0
259,Marshtomp,3,70.0,85.0,70.0,60.0,70.0,50.0
260,Swampert,3,100.0,150.0,110.0,95.0,110.0,70.0
261,Poochyena,3,35.0,55.0,35.0,30.0,30.0,35.0
262,Mightyena,3,70.0,90.0,70.0,60.0,60.0,70.0
263,Zigzagoon,3,38.0,30.0,41.0,30.0,41.0,60.0
264,Linoone,3,78.0,70.0,61.0,50.0,61.0,100.0
265,Wurmple,3,45.0,45.0,35.0,20.0,30.0,20.0
266,Silcoon,3,50.0,35.0,55.0,25.0,25.0,15.0
267,Beautifly,3,60.0,70.0,50.0,100.0,50.0,65.0
268,Cascoon,3,50.0,35.0,55.0,25.0,25.0,15.0
269,Dustox,3,60.0,50.0,70.0,50.0,90.0,65.0
270,Lotad,3,40.0,30.0,30.0,40.0,50.0,30.0
271,Lombre,3,60.0,50.0,50.0,60.0,70.0,50.0
272,Ludicolo,3,80.0,70.0,70.0,90.0,100.0,70.0
273,Seedot,3,40.0,40.0,50.0,30.0,30.0,30.0
274,Nuzleaf,3,70.0,70.0,40.0,60.0,40.0,60.0
275,Shiftry,3,90.0,100.0,60.0,90.0,60.0,80.0
276,Taillow,3,40.0,55.0,30.0,30.0,30.0,85.0
277,Swellow,3,60.0,85.0,60.0,75.0,50.0,125.0
278,Wingull,3,40.0,30.0,30.0,55.0,30.0,85.0
279,Pelipper,3,60.0,50.0,100.0,95.0,70.0,65.0
280,Ralts,3,28.0,25.0,25.0,45.0,35.0,40.0
281,Kirlia,3,38.0,35.0,35.0,65.0,55.0,50.0
282,Gardevoir,3,68.0,85.0,65.0,165.0,135.0,100.0
283,Surskit,3,40.0,30.0,32.0,50.0,52.0,65.0
284,Masquerain,3,70.0,60.0,62.0,100.0,82.0,80.0
285,Shroomish,3,60.0,40.0,60.0,40.0,60.0,35.0
286,Breloom,3,60.0,130.0,80.0,60.0,60.0,70.0
287,Slakoth,3,60.0,60.0,60.0,35.0,35.0,30.0
288,Vigoroth,3,80.0,80.0,80.0,55.0,55.0,90.0
289,Slaking,3,150.0,160.0,100.0,95.0,65.0,100.0
290,Nincada,3,31.0,45.0,90.0,30.0,30.0,40.0
291,Ninjask,3,61.0,90.0,45.0,50.0,50.0,160.0
292,Shedinja,3,1.0,90.0,45.0,30.0,30.0,40.0
293,Whismur,3,64.0,51.0,23.0,51.0,23.0,28.0
294,Loudred,3,84.0,71.0,43.0,71.0,43.0,48.0
295,Exploud,3,104.0,91.0,63.0,91.0,73.0,68.0
296,Makuhita,3,72.0,60.0,30.0,20.0,30.0,25.0
297,Hariyama,3,144.0,120.0,60.0,40.0,60.0,50.0
298,Azurill,3,50.0,20.0,40.0,20.0,40.0,20.0
299,Nosepass,3,30.0,45.0,135.0,45.0,90.0,30.0
300,Skitty,3,50.0,45.0,45.0,35.0,35.0,50.0
301,Delcatty,3,70.0,65.0,65.0,55.0,55.0,90.0
302,Sableye,3,50.0,85.0,125.0,85.0,115.0,20.0
303,Mawile,3,50.0,105.0,125.0,55.0,95.0,50.0
304,Aron,3,50.0,70.0,100.0,40.0,40.0,30.0
305,Lairon,3,60.0,90.0,140.0,50.0,50.0,40.0
306,Aggron,3,70.0,140.0,230.0,60.0,80.0,50.0
307,Meditite,3,30.0,40.0,55.0,40.0,55.0,60.0
308,Medicham,3,60.0,100.0,85.0,80.0,85.0,100.0
309,Electrike,3,40.0,45.0,40.0,65.0,40.0,65.0
310,Manectric,3,70.0,75.0,80.0,135.0,80.0,135.0
311,Plusle,3,60.0,50.0,40.0,85.0,75.0,95.0
312,Minun,3,60.0,40.0,50.0,75.0,85.0,95.0
313,Volbeat,3,65.0,73.0,75.0,47.0,85.0,85.0
314,Illumise,3,65.0,47.0,75.0,73.0,85.0,85.0
315,Roselia,3,50.0,60.0,45.0,100.0,80.0,65.0
316,Gulpin,3,70.0,43.0,53.0,43.0,53.0,40.0
317,Swalot,3,100.0,73.0,83.0,73.0,83.0,55.0
318,Carvanha,3,45.0,90.0,20.0,65.0,20.0,65.0
319,Sharpedo,3,70.0,140.0,70.0,110.0,65.0,105.0
320,Wailmer,3,130.0,70.0,35.0,70.0,35.0,60.0
321,Wailord,3,170.0,90.0,45.0,90.0,45.0,60.0
322,Numel,3,60.0,60.0,40.0,65.0,45.0,35.0
323,Camerupt,3,70.0,120.0,100.0,145.0,105.0,20.0
324,Torkoal,3,70.0,85.0,140.0,85.0,70.0,20.0
325,Spoink,3,60.0,25.0,35.0,70.0,80.0,60.0
326,Grumpig,3,80.0,45.0,65.0,90.0,110.0,80.0
327,Spinda,3,60.0,60.0,60.0,60.0,60.0,60.0
328,Trapinch,3,45.0,100.0,45.0,45.0,45.0,10.0
329,Vibrava,3,50.0,70.0,50.0,50.0,50.0,70.0
330,Flygon,3,80.0,100.0,80.0,80.0,80.0,100.0
331,Cacnea,3,50.0,85.0,40.0,85.0,40.0,35.0
332,Cacturne,3,70.0,115.0,60.0,115.0,60.0,55.0
333,Swablu,3,45.0,40.0,60.0,40.0,75.0,50.0
334,Altaria,3,75.0,110.0,110.0,110.0,105.0,80.0
335,Zangoose,3,73.0,115.0,60.0,60.0,60.0,90.0
336,Seviper,3,73.0,100.0,60.0,100.0,60.0,65.0
337,Lunatone,3,90.0,55.0,65.0,95.0,85.0,70.0
338,Solrock,3,90.0,95.0,85.0,55.0,65.0,70.0
339,Barboach,3,50.0,48.0,43.0,46.0,41.0,60.0
340,Whiscash,3,110.0,78.0,73.0,76.0,71.0,60.0
341,Corphish,3,43.0,80.0,65.0,50.0,35.0,35.0
342,Crawdaunt,3,63.0,120.0,85.0,90.0,55.0,55.0
343,Baltoy,3,40.0,40.0,55.0,40.0,70.0,55.0
344,Claydol,3,60.0,70.0,105.0,70.0,120.0,75.0
345,Lileep,3,66.0,41.0,77.0,61.0,87.0,23.0
346,Cradily,3,86.0,81.0,97.0,81.0,107.0,43.0
347,Anorith,3,45.0,95.0,50.0,40.0,50.0,75.0
348,Armaldo,3,75.0,125.0,100.0,70.0,80.0,45.0
349,Feebas,3,20.0,15.0,20.0,10.0,55.0,80.0
350,Milotic,3,95.0,60.0,79.0,100.0,125.0,81.0
351,Castform,3,70.0,70.0,70.0,70.0,70.0,70.0
352,Kecleon,3,60.0,90.0,70.0,60.0,120.0,40.0
353,Shuppet,3,44.0,75.0,35.0,63.0,33.0,45.0
354,Banette,3,64.0,165.0,75.0,93.0,83.0,75.0
355,Duskull,3,20.0,40.0,90.0,30.0,90.0,25.0
356,Dusclops,3,40.0,70.0,130.0,60.0,130.0,25.0
357,Tropius,3,99.0,68.0,83.0,72.0,87.0,51.0
358,Chimecho,3,75.0,50.0,80.0,95.0,90.0,65.0
359,Absol,3,65.0,150.0,60.0,115.0,60.0,115.0
360,Wynaut,3,95.0,23.0,48.0,23.0,48.0,23.0
361,Snorunt,3,50.0,50.0,50.0,50.0,50.0,50.0
362,Glalie,3,80.0,120.0,80.0,120.0,80.0,100.0
363,Spheal,3,70.0,40.0,50.0,55.0,50.0,25.0
364,Sealeo,3,90.0,60.0,70.0,75.0,70.0,45.0
365,Walrein,3,110.0,80.0,90.0,95.0,90.0,65.0
366,Clamperl,3,35.0,64.0,85.0,74.0,55.0,32.0
367,Huntail,3,55.0,104.0,105.0,94.0,75.0,52.0
368,Gorebyss,3,55.0,84.0,105.0,114.0,75.0,52.0
369,Relicanth,3,100.0,90.0,130.0,45.0,65.0,55.0
370,Luvdisc,3,43.0,30.0,55.0,40.0,65.0,97.0
371,Bagon,3,45.0,75.0,60.0,40.0,30.0,50.0
372,Shelgon,3,65.0,95.0,100.0,60.0,50.0,50.0
373,Salamence,3,95.0,145.0,130.0,120.0,90.0,120.0
374,Beldum,3,40.0,55.0,80.0,35.0,60.0,30.0
375,Metang,3,60.0,75.0,100.0,55.0,80.0,50.0
376,Metagross,3,80.0,145.0,150.0,105.0,110.0,110.0
377,Regirock,3,80.0,100.0,200.0,50.0,100.0,50.0
378,Regice,3,80.0,50.0,100.0,100.0,200.0,50.0
379,Registeel,3,80.0,75.0,150.0,75.0,150.0,50.0
380,Latias,3,80.0,100.0,120.0,140.0,150.0,110.0
381,Latios,3,80.0,130.0,100.0,160.0,120.0,110.0
382,Kyogre,3,100.0,150.0,90.0,180.0,160.0,90.0
383,Groudon,3,100.0,180.0,160.0,150.0,90.0,90.0
384,Rayquaza,3,105.0,180.0,100.0,180.0,100.0,115.0
385,Jirachi,3,100.0,100.0,100.0,100.0,100.0,100.0
386,Deoxys,3,50.0,95.0,90.0,95.0,90.0,180.0
387,Turtwig,4,55.0,68.0,64.0,45.0,55.0,31.0
388,Grotle,4,75.0,89.0,85.0,55.0,65.0,36.0
389,Torterra,4,95.0,109.0,105.0,75.0,85.0,56.0
390,Chimchar,4,44.0,58.0,44.0,58.0,44.0,61.0
391,Monferno,4,64.0,78.0,52.0,78.0,52.0,81.0
392,Infernape,4,76.0,104.0,71.0,104.0,71.0,108.0
393,Piplup,4,53.0,51.0,53.0,61.0,56.0,40.0
394,Prinplup,4,64.0,66.0,68.0,81.0,76.0,50.0
395,Empoleon,4,84.0,86.0,88.0,111.0,101.0,60.0
396,Starly,4,40.0,55.0,30.0,30.0,30.0,60.0
397,Staravia,4,55.0,75.0,50.0,40.0,40.0,80.0
398,Staraptor,4,85.0,120.0,70.0,50.0,60.0,100.0
399,Bidoof,4,59.0,45.0,40.0,35.0,40.0,31.0
400,Bibarel,4,79.0,85.0,60.0,55.0,60.0,71.0
401,Kricketot,4,37.0,25.0,41.0,25.0,41.0,25.0
402,Kricketune,4,77.0,85.0,51.0,55.0,51.0,65.0
403,Shinx,4,45.0,65.0,34.0,40.0,34.0,45.0
404,Luxio,4,60.0,85.0,49.0,60.0,49.0,60.0
405,Luxray,4,80.0,120.0,79.0,95.0,79.0,70.0
406,Budew,4,40.0,30.0,35.0,50.0,70.0,55.0
407,Roserade,4,60.0,70.0,65.0,125.0,105.0,90.0
408,Cranidos,4,67.0,125.0,40.0,30.0,30.0,58.0
409,Rampardos,4,97.0,165.0,60.0,65.0,50.0,58.0
410,Shieldon,4,30.0,42.0,118.0,42.0,88.0,30.0
411,Bastiodon,4,60.0,52.0,168.0,47.0,138.0,30.0
412,Burmy,4,40.0,29.0,45.0,29.0,45.0,36.0
413,Wormadam,4,60.0,69.0,95.0,69.0,95.0,36.0
414,Mothim,4,70.0,94.0,50.0,94.0,50.0,66.0
415,Combee,4,30.0,30.0,42.0,30.0,42.0,70.0
416,Vespiquen,4,70.0,80.0,102.0,80.0,102.0,40.0
417,Pachirisu,4,60.0,45.0,70.0,45.0,90.0,95.0
418,Buizel,4,55.0,65.0,35.0,60.0,30.0,85.0
419,Floatzel,4,85.0,105.0,55.0,85.0,50.0,115.0
420,Cherubi,4,45.0,35.0,45.0,62.0,53.0,35.0
421,Cherrim,4,70.0,60.0,70.0,87.0,78.0,85.0
422,Shellos,4,76.0,48.0,48.0,57.0,62.0,34.0
423,Gastrodon,4,111.0,83.0,68.0,92.0,82.0,39.0
424,Ambipom,4,75.0,100.0,66.0,60.0,66.0,115.0
425,Drifloon,4,90.0,50.0,34.0,60.0,44.0,70.0
426,Drifblim,4,150.0,80.0,44.0,90.0,54.0,80.0
427,Buneary,4,55.0,66.0,44.0,44.0,56.0,85.0
428,Lopunny,4,65.0,136.0,94.0,54.0,96.0,135.0
429,Mismagius,4,60.0,60.0,60.0,105.0,105.0,105.0
430,Honchkrow,4,100.0,125.0,52.0,105.0,52.0,71.0
431,Glameow,4,49.0,55.0,42.0,42.0,37.0,85.0
432,Purugly,4,71.0,82.0,64.0,64.0,59.0,112.0
433,Chingling,4,45.0,30.0,50.0,65.0,50.0,45.0
434,Stunky,4,63.0,63.0,47.0,41.0,41.0,74.0
435,Skuntank,4,103.0,93.0,67.0,71.0,61.0,84.0
436,Bronzor,4,57.0,24.0,86.0,24.0,86.0,23.0
437,Bronzong,4,67.0,89.0,116.0,79.0,116.0,33.0
438,Bonsly,4,50.0,80.0,95.0,10.0,45.0,10.0
439,Mime-Jr,4,20.0,25.0,45.0,70.0,90.0,60.0
440,Happiny,4,100.0,5.0,5.0,15.0,65.0,30.0
441,Chatot,4,76.0,65.0,45.0,92.0,42.0,91.0
442,Spiritomb,4,50.0,92.0,108.0,92.0,108.0,35.0
443,Gible,4,58.0,70.0,45.0,40.0,45.0,42.0
444,Gabite,4,68.0,90.0,65.0,50.0,55.0,82.0
445,Garchomp,4,108.0,170.0,115.0,120.0,95.0,92.0
446,Munchlax,4,135.0,85.0,40.0,40.0,85.0,5.0
447,Riolu,4,40.0,70.0,40.0,35.0,40.0,60.0
448,Lucario,4,70.0,145.0,88.0,140.0,70.0,112.0
449,Hippopotas,4,68.0,72.0,78.0,38.0,42.0,32.0
450,Hippowdon,4,108.0,112.0,118.0,68.0,72.0,47.0
451,Skorupi,4,40.0,50.0,90.0,30.0,55.0,65.0
452,Drapion,4,70.0,90.0,110.0,60.0,75.0,95.0
453,Croagunk,4,48.0,61.0,40.0,61.0,40.0,50.0
454,Toxicroak,4,83.0,106.0,65.0,86.0,65.0,85.0
455,Carnivine,4,74.0,100.0,72.0,90.0,72.0,46.0
456,Finneon,4,49.0,49.0,56.0,49.0,61.0,66.0
457,Lumineon,4,69.0,69.0,76.0,69.0,86.0,91.0
458,Mantyke,4,45.0,20.0,50.0,60.0,120.0,50.0
459,Snover,4,60.0,62.0,50.0,62.0,60.0,40.0
460,Abomasnow,4,90.0,132.0,105.0,132.0,105.0,30.0
461,Weavile,4,70.0,120.0,65.0,45.0,85.0,125.0
462,Magnezone,4,70.0,70.0,115.0,130.0,90.0,60.0
463,Lickilicky,4,110.0,85.0,95.0,80.0,95.0,50.0
464,Rhyperior,4,115.0,140.0,130.0,55.0,55.0,40.0
465,Tangrowth,4,100.0,100.0,125.0,110.0,50.0,50.0
466,Electivire,4,75.0,123.0,67.0,95.0,85.0,95.0
467,Magmortar,4,75.0,95.0,67.0,125.0,95.0,83.0
468,Togekiss,4,85.0,50.0,95.0,120.0,115.0,80.0
469,Yanmega,4,86.0,76.0,86.0,116.0,56.0,95.0
470,Leafeon,4,65.0,110.0,130.0,60.0,65.0,95.0
471,Glaceon,4,65.0,60.0,110.0,130.0,95.0,65.0
472,Gliscor,4,75.0,95.0,125.0,45.0,75.0,95.0
473,Mamoswine,4,110.0,130.0,80.0,70.0,60.0,80.0
474,Porygon-Z,4,85.0,80.0,70.0,135.0,75.0,90.0
475,Gallade,4,68.0,165.0,95.0,65.0,115.0,110.0
476,Probopass,4,60.0,55.0,145.0,75.0,150.0,40.0
477,Dusknoir,4,45.0,100.0,135.0,65.0,135.0,45.0
478,Froslass,4,70.0,80.0,70.0,80.0,70.0,110.0
479,Rotom,4,50.0,65.0,107.0,105.0,107.0,86.0
480,Uxie,4,75.0,75.0,130.0,75.0,130.0,95.0
481,Mesprit,4,80.0,105.0,105.0,105.0,105.0,80.0
482,Azelf,4,75.0,125.0,70.0,125.0,70.0,115.0
483,Dialga,4,100.0,120.0,120.0,150.0,100.0,90.0
484,Palkia,4,90.0,120.0,100.0,150.0,120.0,100.0
485,Heatran,4,91.0,90.0,106.0,130.0,106.0,77.0
486,Regigigas,4,110.0,160.0,110.0,80.0,110.0,100.0
487,Giratina,4,150.0,120.0,100.0,120.0,100.0,90.0
488,Cresselia,4,120.0,70.0,120.0,75.0,130.0,85.0
489,Phione,4,80.0,80.0,80.0,80.0,80.0,80.0
490,Manaphy,4,100.0,100.0,100.0,100.0,100.0,100.0
491,Darkrai,4,70.0,90.0,90.0,135.0,90.0,125.0
492,Shaymin,4,100.0,103.0,75.0,120.0,75.0,127.0
493,Arceus,4,120.0,120.0,120.0,120.0,120.0,120.0
494,Victini,5,100.0,100.0,100.0,100.0,100.0,100.0
495,Snivy,5,45.0,45.0,55.0,45.0,55.0,63.0
496,Servine,5,60.0,60.0,75.0,60.0,75.0,83.0
497,Serperior,5,75.0,75.0,95.0,75.0,95.0,113.0
498,Tepig,5,65.0,63.0,45.0,45.0,45.0,45.0
499,Pignite,5,90.0,93.0,55.0,70.0,55.0,55.0
500,Emboar,5,110.0,123.0,65.0,100.0,65.0,65.0
501,Oshawott,5,55.0,55.0,45.0,63.0,45.0,45.0
502,Dewott,5,75.0,75.0,60.0,83.0,60.0,60.0
503,Samurott,5,95.0,100.0,85.0,108.0,70.0,70.0
504,Patrat,5,45.0,55.0,39.0,35.0,39.0,42.0
505,Watchog,5,60.0,85.0,69.0,60.0,69.0,77.0
506,Lillipup,5,45.0,60.0,45.0,25.0,45.0,55.0
507,Herdier,5,65.0,80.0,65.0,35.0,65.0,60.0
508,Stoutland,5,85.0,110.0,90.0,45.0,90.0,80.0
509,Purrloin,5,41.0,50.0,37.0,50.0,37.0,66.0
510,Liepard,5,64.0,88.0,50.0,88.0,50.0,106.0
511,Pansage,5,50.0,53.0,48.0,53.0,48.0,64.0
512,Simisage,5,75.0,98.0,63.0,98.0,63.0,101.0
513,Pansear,5,50.0,53.0,48.0,53.0,48.0,64.0
514,Simisear,5,75.0,98.0,63.0,98.0,63.0,101.0
515,Panpour,5,50.0,53.0,48.0,53.0,48.0,64.0
516,Simipour,5,75.0,98.0,63.0,98.0,63.0,101.0
517,Munna,5,76.0,25.0,45.0,67.0,55.0,24.0
518,Musharna,5,116.0,55.0,85.0,107.0,95.0,29.0
519,Pidove,5,50.0,55.0,50.0,36.0,30.0,43.0
520,Tranquill,5,62.0,77.0,62.0,50.0,42.0,65.0
521,Unfezant,5,80.0,115.0,80.0,65.0,55.0,93.0
522,Blitzle,5,45.0,60.0,32.0,50.0,32.0,76.0
523,Zebstrika,5,75.0,100.0,63.0,80.0,63.0,116.0
524,Roggenrola,5,55.0,75.0,85.0,25.0,25.0,15.0
525,Boldore,5,70.0,105.0,105.0,50.0,40.0,20.0
526,Gigalith,5,85.0,135.0,130.0,60.0,80.0,25.0
527,Woobat,5,65.0,45.0,43.0,55.0,43.0,72.0
528,Swoobat,5,67.0,57.0,55.0,77.0,55.0,114.0
529,Drilbur,5,60.0,85.0,40.0,30.0,45.0,68.0
530,Excadrill,5,110.0,135.0,60.0,50.0,65.0,88.0
531,Audino,5,103.0,60.0,126.0,80.0,126.0,50.0
532,Timburr,5,75.0,80.0,55.0,25.0,35.0,35.0
533,Gurdurr,5,85.0,105.0,85.0,40.0,50.0,40.0
534,Conkeldurr,5,105.0,140.0,95.0,55.0,65.0,45.0
535,Tympole,5,50.0,50.0,40.0,50.0,40.0,64.0
536,Palpitoad,5,75.0,65.0,55.0,65.0,55.0,69.0
537,Seismitoad,5,105.0,95.0,75.0,85.0,75.0,74.0
538,Throh,5,120.0,100.0,85.0,30.0,85.0,45.0
539,Sawk,5,75.0,125.0,75.0,30.0,75.0,85.0
540,Sewaddle,5,45.0,53.0,70.0,40.0,60.0,42.0
541,Swadloon,5,55.0,63.0,90.0,50.0,80.0,42.0
542,Leavanny,5,75.0,103.0,80.0,70.0,80.0,92.0
543,Venipede,5,30.0,45.0,59.0,30.0,39.0,57.0
544,Whirlipede,5,40.0,55.0,99.0,40.0,79.0,47.0
545,Scolipede,5,60.0,100.0,89.0,55.0,69.0,112.0
546,Cottonee,5,40.0,27.0,60.0,37.0,50.0,66.0
547,Whimsicott,5,60.0,67.0,85.0,77.0,75.0,116.0
548,Petilil,5,45.0,35.0,50.0,70.0,50.0,30.0
549,Lilligant,5,70.0,60.0,75.0,110.0,75.0,90.0
550,Basculin,5,70.0,92.0,65.0,80.0,55.0,98.0
551,Sandile,5,50.0,72.0,35.0,35.0,35.0,65.0
552,Krokorok,5,60.0,82.0,45.0,45.0,45.0,74.0
553,Krookodile,5,95.0,117.0,80.0,65.0,70.0,92.0
554,Darumaka,5,70.0,90.0,45.0,15.0,45.0,50.0
555,Darmanitan,5,105.0,30.0,105.0,140.0,105.0,55.0
556,Maractus,5,75.0,86.0,67.0,106.0,67.0,60.0
557,Dwebble,5,50.0,65.0,85.0,35.0,35.0,55.0
558,Crustle,5,70.0,105.0,125.0,65.0,75.0,45.0
559,Scraggy,5,50.0,75.0,70.0,35.0,70.0,48.0
560,Scrafty,5,65.0,90.0,115.0,45.0,115.0,58.0
561,Sigilyph,5,72.0,58.0,80.0,103.0,80.0,97.0
562,Yamask,5,38.0,30.0,85.0,55.0,65.0,30.0
563,Cofagrigus,5,58.0,50.0,145.0,95.0,105.0,30.0
564,Tirtouga,5,54.0,78.0,103.0,53.0,45.0,22.0
565,Carracosta,5,74.0,108.0,133.0,83.0,65.0,32.0
566,Archen,5,55.0,112.0,45.0,74.0,45.0,70.0
567,Archeops,5,75.0,140.0,65.0,112.0,65.0,110.0
568,Trubbish,5,50.0,50.0,62.0,40.0,62.0,65.0
569,Garbodor,5,80.0,95.0,82.0,60.0,82.0,75.0
570,Zorua,5,40.0,65.0,40.0,80.0,40.0,65.0
571,Zoroark,5,60.0,105.0,60.0,120.0,60.0,105.0
572,Minccino,5,55.0,50.0,40.0,40.0,40.0,75.0
573,Cinccino,5,75.0,95.0,60.0,65.0,60.0,115.0
574,Gothita,5,45.0,30.0,50.0,55.0,65.0,45.0
575,Gothorita,5,60.0,45.0,70.0,75.0,85.0,55.0
576,Gothitelle,5,70.0,55.0,95.0,95.0,110.0,65.0
577,Solosis,5,45.0,30.0,40.0,105.0,50.0,20.0
578,Duosion,5,65.0,40.0,50.0,125.0,60.0,30.0
579,Reuniclus,5,110.0,65.0,75.0,125.0,85.0,30.0
580,Ducklett,5,62.0,44.0,50.0,44.0,50.0,55.0
581,Swanna,5,75.0,87.0,63.0,87.0,63.0,98.0
582,Vanillite,5,36.0,50.0,50.0,65.0,60.0,44.0
583,Vanillish,5,51.0,65.0,65.0,80.0,75.0,59.0
584,Vanilluxe,5,71.0,95.0,85.0,110.0,95.0,79.0
585,Deerling,5,60.0,60.0,50.0,40.0,50.0,75.0
586,Sawsbuck,5,80.0,100.0,70.0,60.0,70.0,95.0
587,Emolga,5,55.0,75.0,60.0,75.0,60.0,103.0
588,Karrablast,5,50.0,75.0,45.0,40.0,45.0,60.0
589,Escavalier,5,70.0,135.0,105.0,60.0,105.0,20.0
590,Foongus,5,69.0,55.0,45.0,55.0,55.0,15.0
591,Amoonguss,5,114.0,85.0,70.0,85.0,80.0,30.0
592,Frillish,5,55.0,40.0,50.0,65.0,85.0,40.0
593,Jellicent,5,100.0,60.0,70.0,85.0,105.0,60.0
594,Alomomola,5,165.0,75.0,80.0,40.0,45.0,65.0
595,Joltik,5,50.0,47.0,50.0,57.0,50.0,65.0
596,Galvantula,5,70.0,77.0,60.0,97.0,60.0,108.0
597,Ferroseed,5,44.0,50.0,91.0,24.0,86.0,10.0
598,Ferrothorn,5,74.0,94.0,131.0,54.0,116.0,20.0
599,Klink,5,40.0,55.0,70.0,45.0,60.0,30.0
600,Klang,5,60.0,80.0,95.0,70.0,85.0,50.0
601,Klinklang,5,60.0,100.0,115.0,70.0,85.0,90.0
602,Tynamo,5,35.0,55.0,40.0,45.0,40.0,60.0
603,Eelektrik,5,65.0,85.0,70.0,75.0,70.0,40.0
604,Eelektross,5,85.0,115.0,80.0,105.0,80.0,50.0
605,Elgyem,5,55.0,55.0,55.0,85.0,55.0,30.0
606,Beheeyem,5,75.0,75.0,75.0,125.0,95.0,40.0
607,Litwick,5,50.0,30.0,55.0,65.0,55.0,20.0
608,Lampent,5,60.0,40.0,60.0,95.0,60.0,55.0
609,Chandelure,5,60.0,55.0,90.0,145.0,90.0,80.0
610,Axew,5,46.0,87.0,60.0,30.0,40.0,57.0
611,Fraxure,5,66.0,117.0,70.0,40.0,50.0,67.0
612,Haxorus,5,76.0,147.0,90.0,60.0,70.0,97.0
613,Cubchoo,5,55.0,70.0,40.0,60.0,40.0,40.0
614,Beartic,5,95.0,130.0,80.0,70.0,80.0,50.0
615,Cryogonal,5,80.0,50.0,50.0,95.0,135.0,105.0
616,Shelmet,5,50.0,40.0,85.0,40.0,65.0,25.0
617,Accelgor,5,80.0,70.0,40.0,100.0,60.0,145.0
618,Stunfisk,5,109.0,66.0,84.0,81.0,99.0,32.0
619,Mienfoo,5,45.0,85.0,50.0,55.0,50.0,65.0
620,Mienshao,5,65.0,125.0,60.0,95.0,60.0,105.0
621,Druddigon,5,77.0,120.0,90.0,60.0,90.0,48.0
622,Golett,5,59.0,74.0,50.0,35.0,50.0,35.0
623,Golurk,5,89.0,124.0,80.0,55.0,80.0,55.0
624,Pawniard,5,45.0,85.0,70.0,40.0,40.0,60.0
625,Bisharp,5,65.0,125.0,100.0,60.0,70.0,70.0
626,Bouffalant,5,95.0,110.0,95.0,40.0,95.0,55.0
627,Rufflet,5,70.0,83.0,50.0,37.0,50.0,60.0
628,Braviary,5,100.0,123.0,75.0,57.0,75.0,80.0
629,Vullaby,5,70.0,55.0,75.0,45.0,65.0,60.0
630,Mandibuzz,5,110.0,65.0,105.0,55.0,95.0,80.0
631,Heatmor,5,85.0,97.0,66.0,105.0,66.0,65.0
632,Durant,5,58.0,109.0,112.0,48.0,48.0,109.0
633,Deino,5,52.0,65.0,50.0,45.0,50.0,38.0
634,Zweilous,5,72.0,85.0,70.0,65.0,70.0,58.0
635,Hydreigon,5,92.0,105.0,90.0,125.0,90.0,98.0
636,Larvesta,5,55.0,85.0,55.0,50.0,55.0,60.0
637,Volcarona,5,85.0,60.0,65.0,135.0,105.0,100.0
638,Cobalion,5,91.0,90.0,129.0,90.0,72.0,108.0
639,Terrakion,5,91.0,129.0,90.0,72.0,90.0,108.0
640,Virizion,5,91.0,90.0,72.0,90.0,129.0,108.0
641,Tornadus,5,79.0,100.0,80.0,110.0,90.0,121.0
642,Thundurus,5,79.0,105.0,70.0,145.0,80.0,101.0
643,Reshiram,5,100.0,120.0,100.0,150.0,120.0,90.0
644,Zekrom,5,100.0,150.0,120.0,120.0,100.0,90.0
645,Landorus,5,89.0,145.0,90.0,105.0,80.0,91.0
646,Kyurem,5,125.0,120.0,90.0,170.0,100.0,95.0
647,Keldeo,5,91.0,72.0,90.0,129.0,90.0,108.0
648,Meloetta,5,100.0,128.0,90.0,77.0,77.0,128.0
649,Genesect,5,71.0,120.0,95.0,120.0,95.0,99.0
650,Chespin,6,56.0,61.0,65.0,48.0,45.0,38.0
651,Quilladin,6,61.0,78.0,95.0,56.0,58.0,57.0
652,Chesnaught,6,88.0,107.0,122.0,74.0,75.0,64.0
653,Fennekin,6,40.0,45.0,40.0,62.0,60.0,60.0
654,Braixen,6,59.0,59.0,58.0,90.0,70.0,73.0
655,Delphox,6,75.0,69.0,72.0,114.0,100.0,104.0
656,Froakie,6,41.0,56.0,40.0,62.0,44.0,71.0
657,Frogadier,6,54.0,63.0,52.0,83.0,56.0,97.0
658,Greninja,6,72.0,145.0,67.0,153.0,71.0,132.0
659,Bunnelby,6,38.0,36.0,38.0,32.0,36.0,57.0
660,Diggersby,6,85.0,56.0,77.0,50.0,77.0,78.0
661,Fletchling,6,45.0,50.0,43.0,40.0,38.0,62.0
662,Fletchinder,6,62.0,73.0,55.0,56.0,52.0,84.0
663,Talonflame,6,78.0,81.0,71.0,74.0,69.0,126.0
664,Scatterbug,6,38.0,35.0,40.0,27.0,25.0,35.0
665,Spewpa,6,45.0,22.0,60.0,27.0,30.0,29.0
666,Vivillon,6,80.0,52.0,50.0,90.0,50.0,89.0
667,Litleo,6,62.0,50.0,58.0,73.0,54.0,72.0
668,Pyroar,6,86.0,68.0,72.0,109.0,66.0,106.0
669,Flabebe,6,44.0,38.0,39.0,61.0,79.0,42.0
670,Floette,6,74.0,65.0,67.0,125.0,128.0,92.0
671,Florges,6,78.0,65.0,68.0,112.0,154.0,75.0
672,Skiddo,6,66.0,65.0,48.0,62.0,57.0,52.0
673,Gogoat,6,123.0,100.0,62.0,97.0,81.0,68.0
674,Pancham,6,67.0,82.0,62.0,46.0,48.0,43.0
675,Pangoro,6,95.0,124.0,78.0,69.0,71.0,58.0
676,Furfrou,6,75.0,80.0,60.0,65.0,90.0,102.0
677,Espurr,6,62.0,48.0,54.0,63.0,60.0,68.0
678,Meowstic,6,74.0,48.0,76.0,83.0,81.0,104.0
679,Honedge,6,45.0,80.0,100.0,35.0,37.0,28.0
680,Doublade,6,59.0,110.0,150.0,45.0,49.0,35.0
681,Aegislash,6,60.0,150.0,50.0,150.0,50.0,60.0
682,Spritzee,6,78.0,52.0,60.0,63.0,65.0,23.0
683,Aromatisse,6,101.0,72.0,72.0,99.0,89.0,29.0
684,Swirlix,6,62.0,48.0,66.0,59.0,57.0,49.0
685,Slurpuff,6,82.0,80.0,86.0,85.0,75.0,72.0
686,Inkay,6,53.0,54.0,53.0,37.0,46.0,45.0
687,Malamar,6,86.0,92.0,88.0,68.0,75.0,73.0
688,Binacle,6,42.0,52.0,67.0,39.0,56.0,50.0
689,Barbaracle,6,72.0,105.0,115.0,54.0,86.0,68.0
690,Skrelp,6,50.0,60.0,60.0,60.0,60.0,30.0
691,Dragalge,6,65.0,75.0,90.0,97.0,123.0,44.0
692,Clauncher,6,50.0,53.0,62.0,58.0,63.0,44.0
693,Clawitzer,6,71.0,73.0,88.0,120.0,89.0,59.0
694,Helioptile,6,44.0,38.0,33.0,61.0,43.0,70.0
695,Heliolisk,6,62.0,55.0,52.0,109.0,94.0,109.0
696,Tyrunt,6,58.0,89.0,77.0,45.0,45.0,48.0
697,Tyrantrum,6,82.0,121.0,119.0,69.0,59.0,71.0
698,Amaura,6,77.0,59.0,50.0,67.0,63.0,46.0
699,Aurorus,6,123.0,77.0,72.0,99.0,92.0,58.0
700,Sylveon,6,95.0,65.0,65.0,110.0,130.0,60.0
701,Hawlucha,6,78.0,92.0,75.0,74.0,63.0,118.0
702,Dedenne,6,67.0,58.0,57.0,81.0,67.0,101.0
703,Carbink,6,50.0,50.0,150.0,50.0,150.0,50.0
704,Goomy,6,45.0,50.0,35.0,55.0,75.0,40.0
705,Sliggoo,6,68.0,75.0,53.0,83.0,113.0,60.0
706,Goodra,6,90.0,100.0,70.0,110.0,150.0,80.0
707,Klefki,6,57.0,80.0,91.0,80.0,87.0,75.0
708,Phantump,6,43.0,70.0,48.0,50.0,60.0,38.0
709,Trevenant,6,85.0,110.0,76.0,65.0,82.0,56.0
710,Pumpkaboo,6,59.0,66.0,70.0,44.0,55.0,41.0
711,Gourgeist,6,85.0,100.0,122.0,58.0,75.0,54.0
712,Bergmite,6,55.0,69.0,85.0,32.0,35.0,28.0
713,Avalugg,6,95.0,117.0,184.0,44.0,46.0,28.0
714,Noibat,6,40.0,30.0,35.0,45.0,40.0,55.0
715,Noivern,6,85.0,70.0,80.0,97.0,80.0,123.0
716,Xerneas,6,126.0,131.0,95.0,131.0,98.0,99.0
717,Yveltal,6,126.0,131.0,95.0,131.0,98.0,99.0
718,Zygarde,6,216.0,100.0,121.0,91.0,95.0,85.0
719,Diancie,6,50.0,160.0,110.0,160.0,110.0,110.0
720,Hoopa,6,80.0,160.0,60.0,170.0,130.0,80.0
721,Volcanion,6,80.0,110.0,120.0,130.0,90.0,70.0
